
[{
  "_id": "book1",
  "title": "Clean Code",
  "author": "Robert C. Martin",
  "isbn": "9780132350884",
  "copiesAvailable": 3,
  "genre": "Programming",
  "publishedDate": {
    "$date": "2008-08-11T00:00:00.000Z"
  }
},
{
  "_id": "book2",
  "title": "The Pragmatic Programmer",
  "author": "Andrew Hunt",
  "isbn": "9780201616224",
  "copiesAvailable": 2,
  "genre": "Programming",
  "publishedDate": {
    "$date": "1999-10-20T00:00:00.000Z"
  }
},
{
  "_id": "book3",
  "title": "You Don’t Know JS",
  "author": "Kyle Simpson",
  "isbn": "9781491904244",
  "copiesAvailable": 1,
  "genre": "JavaScript",
  "publishedDate": {
    "$date": "2015-12-27T00:00:00.000Z"
  },
  "updatedAt": {
    "$date": "2025-06-03T09:54:15.681Z"
  }
},
{
  "_id": "book4",
  "title": "Eloquent JavaScript",
  "author": "Marijn Haverbeke",
  "isbn": "9781593279509",
  "copiesAvailable": 4,
  "genre": "JavaScript",
  "publishedDate": {
    "$date": "2018-12-04T00:00:00.000Z"
  }
},
{
  "_id": "book5",
  "title": "Introduction to Algorithms",
  "author": "Thomas H. Cormen",
  "isbn": "9780262033848",
  "copiesAvailable": 1,
  "genre": "Algorithms",
  "publishedDate": {
    "$date": "2009-07-31T00:00:00.000Z"
  }
},
{
  "_id": "book6",
  "title": "Refactoring",
  "author": "Martin Fowler",
  "isbn": "9780201485677",
  "copiesAvailable": 2,
  "genre": "Software Engineering",
  "publishedDate": {
    "$date": "1999-07-08T00:00:00.000Z"
  }
},
{
  "_id": "book7",
  "title": "Design Patterns",
  "author": "Erich Gamma",
  "isbn": "9780201633610",
  "copiesAvailable": 3,
  "genre": "Software Design",
  "publishedDate": {
    "$date": "1994-10-21T00:00:00.000Z"
  }
},
{
  "_id": "book8",
  "title": "Cracking the Coding Interview",
  "author": "Gayle Laakmann McDowell",
  "isbn": "9780984782857",
  "copiesAvailable": 5,
  "genre": "Interview",
  "publishedDate": {
    "$date": "2015-07-01T00:00:00.000Z"
  }
},
{
  "_id": "book9",
  "title": "JavaScript: The Good Parts",
  "author": "Douglas Crockford",
  "isbn": "9780596517748",
  "copiesAvailable": 3,
  "genre": "JavaScript",
  "publishedDate": {
    "$date": "2008-05-15T00:00:00.000Z"
  }
},
{
  "_id": "book10",
  "title": "Effective Java",
  "author": "Joshua Bloch",
  "isbn": "9780134685991",
  "copiesAvailable": 4,
  "genre": "Java",
  "publishedDate": {
    "$date": "2017-12-27T00:00:00.000Z"
  }
}]